{
    "title": "Website Traffic Generator Options",
    "description": "This is actor input schemaSpecify the options to generate traffic on urls of your choice.",
    "type": "object",
    "schemaVersion": 1,
    "properties": {
        "startUrls": {
            "title": "Start URLs",
            "type": "array",
            "description": "URLs to begin the crawler with",
            "editor": "stringList",
            "prefill": ["https://www.webscrapinghq.com"]
        },
        "multiply": {
            "title": "Loops",
            "type": "integer",
            "sectionCaption": "Crawl Settings",
            "description": "How many times should we generate pageviews for the same page?",
            "default": 1,
            "prefill": 1,
            "editor": "number",
            "maximum": 500,
            "minimum": 1
        },
        "maxPages": {
            "title": "Maximum Number of Pages to Crawl",
            "type": "integer",
            "description": "Limit the number of pages to prevent crawler for running too long. (Default: 50)",
            "default": 10,
            "prefill": 10,
            "editor": "number",
            "maximum": 9999999999,
            "minimum": 1
        },
        "enqueueLinks": {
            "title": "Find new links",
            "type": "boolean",
            "description": "If the page has links, should we also crawl them? ",
            "default": true,
            "editor": "checkbox"
        },
        "parallelize": {
            "title": "Run in Parallel",
            "type": "boolean",
            "description": "Should we open pages in parallel? ",
            "default": true,
            "editor": "checkbox"
        },
        "maxPageWaitSeconds": {
            "title": "Max Wait",
            "type": "integer",
            "description": "Maximum seconds to wait after loading the page (Default: 5)",
            "default": 5,
            "sectionCaption": "Page Wait Settings",
            "sectionDescription": "Specify how long should the crawler wait after loading the page. We will randomise the wait time between the min and max seconds to make it a more natural page wait.",
            "editor": "number",
            "prefill": 5,
            "maximum": 300,
            "minimum": 2,
            "unit": "seconds"
        },
        "minPageWaitSeconds": {
            "title": "Min Wait",
            "type": "integer",
            "description": "Minimum seconds to wait after loading the page (Default: 1)",
            "default": 1,
            "editor": "number",
            "prefill": 1,
            "maximum": 299,
            "minimum": 1,
            "unit": "seconds"
        },
        "blockAds": {
            "title": "Block Ads",
            "type": "boolean",
            "description": "Should we block ads on the page? ",
            "default": false,
            "editor": "checkbox",
            "sectionCaption": "Block Ads, Images or Scripts",
            "sectionDescription": "Block ads, images or scripts to make the crawler run faster."
        },
        "blockImages": {
            "title": "Block Images",
            "type": "boolean",
            "description": "Should we block images on the page? ",
            "default": false,
            "editor": "checkbox"
        },
        "blockPatterns": {
            "title": "Custom Block Patterns",
            "type": "array",
            "description": "Enter custom strings that we will look to block. Ex. `google` will block any script/image/resource that contains google in its url. This is useful to block things like chat widgets, and scripts that make the website load slower.",
            "editor": "stringList",
            "prefill": []
        },
        "proxy": {
            "title": "Choose Proxies",
            "type": "object",
            "default": {
                "useApifyProxy": false
            },
            "description": "Select proxies to be used by your crawler",
            "editor": "proxy",
            "sectionCaption": "Proxy Configuration",
            "sectionDescription": "If you'd like the traffic to come from a specific region, please add proxies, otherwise choose None."
        }
    },
    "required": ["startUrls"]
}
